--
-- PostgreSQL database dump
--

-- Dumped from database version 14.7 (Debian 14.7-1.pgdg110+1)
-- Dumped by pg_dump version 14.7 (Debian 14.7-1.pgdg110+1)

SET statement_timeout = 0;
SET lock_timeout = 0;
SET idle_in_transaction_session_timeout = 0;
SET client_encoding = 'UTF8';
SET standard_conforming_strings = on;
SELECT pg_catalog.set_config('search_path', '', false);
SET check_function_bodies = false;
SET xmloption = content;
SET client_min_messages = warning;
SET row_security = off;

--
-- Name: state; Type: TYPE; Schema: public; Owner: postgres
--

CREATE TYPE public.state AS ENUM (
    'NEW',
    'PARSED',
    'VERIFIED'
);


ALTER TYPE public.state OWNER TO postgres;

SET default_tablespace = '';

SET default_table_access_method = heap;

--
-- Name: alembic_version; Type: TABLE; Schema: public; Owner: postgres
--

CREATE TABLE public.alembic_version (
    version_num character varying(32) NOT NULL
);


ALTER TABLE public.alembic_version OWNER TO postgres;

--
-- Name: clients; Type: TABLE; Schema: public; Owner: postgres
--

CREATE TABLE public.clients (
    id integer NOT NULL,
    username character varying(60) NOT NULL,
    email character varying(255) NOT NULL,
    password_hash character varying(255) NOT NULL,
    activated boolean,
    created_at timestamp without time zone,
    unique_id character varying(36)
);


ALTER TABLE public.clients OWNER TO postgres;

--
-- Name: clients_id_seq; Type: SEQUENCE; Schema: public; Owner: postgres
--

CREATE SEQUENCE public.clients_id_seq
    AS integer
    START WITH 1
    INCREMENT BY 1
    NO MINVALUE
    NO MAXVALUE
    CACHE 1;


ALTER TABLE public.clients_id_seq OWNER TO postgres;

--
-- Name: clients_id_seq; Type: SEQUENCE OWNED BY; Schema: public; Owner: postgres
--

ALTER SEQUENCE public.clients_id_seq OWNED BY public.clients.id;


--
-- Name: email_site; Type: TABLE; Schema: public; Owner: postgres
--

CREATE TABLE public.email_site (
    site_id integer,
    email_id integer
);


ALTER TABLE public.email_site OWNER TO postgres;

--
-- Name: emails; Type: TABLE; Schema: public; Owner: postgres
--

CREATE TABLE public.emails (
    id integer NOT NULL,
    email character varying(256) NOT NULL,
    created_at timestamp without time zone
);


ALTER TABLE public.emails OWNER TO postgres;

--
-- Name: emails_id_seq; Type: SEQUENCE; Schema: public; Owner: postgres
--

CREATE SEQUENCE public.emails_id_seq
    AS integer
    START WITH 1
    INCREMENT BY 1
    NO MINVALUE
    NO MAXVALUE
    CACHE 1;


ALTER TABLE public.emails_id_seq OWNER TO postgres;

--
-- Name: emails_id_seq; Type: SEQUENCE OWNED BY; Schema: public; Owner: postgres
--

ALTER SEQUENCE public.emails_id_seq OWNED BY public.emails.id;


--
-- Name: phone_site; Type: TABLE; Schema: public; Owner: postgres
--

CREATE TABLE public.phone_site (
    site_id integer,
    phone_id integer
);


ALTER TABLE public.phone_site OWNER TO postgres;

--
-- Name: phones; Type: TABLE; Schema: public; Owner: postgres
--

CREATE TABLE public.phones (
    id integer NOT NULL,
    number character varying(256) NOT NULL,
    created_at timestamp without time zone
);


ALTER TABLE public.phones OWNER TO postgres;

--
-- Name: phones_id_seq; Type: SEQUENCE; Schema: public; Owner: postgres
--

CREATE SEQUENCE public.phones_id_seq
    AS integer
    START WITH 1
    INCREMENT BY 1
    NO MINVALUE
    NO MAXVALUE
    CACHE 1;


ALTER TABLE public.phones_id_seq OWNER TO postgres;

--
-- Name: phones_id_seq; Type: SEQUENCE OWNED BY; Schema: public; Owner: postgres
--

ALTER SEQUENCE public.phones_id_seq OWNED BY public.phones.id;


--
-- Name: sites; Type: TABLE; Schema: public; Owner: postgres
--

CREATE TABLE public.sites (
    id integer NOT NULL,
    url character varying(256) NOT NULL,
    state public.state,
    created_at timestamp without time zone,
    parsed_at timestamp without time zone
);


ALTER TABLE public.sites OWNER TO postgres;

--
-- Name: sites_id_seq; Type: SEQUENCE; Schema: public; Owner: postgres
--

CREATE SEQUENCE public.sites_id_seq
    AS integer
    START WITH 1
    INCREMENT BY 1
    NO MINVALUE
    NO MAXVALUE
    CACHE 1;


ALTER TABLE public.sites_id_seq OWNER TO postgres;

--
-- Name: sites_id_seq; Type: SEQUENCE OWNED BY; Schema: public; Owner: postgres
--

ALTER SEQUENCE public.sites_id_seq OWNED BY public.sites.id;


--
-- Name: clients id; Type: DEFAULT; Schema: public; Owner: postgres
--

ALTER TABLE ONLY public.clients ALTER COLUMN id SET DEFAULT nextval('public.clients_id_seq'::regclass);


--
-- Name: emails id; Type: DEFAULT; Schema: public; Owner: postgres
--

ALTER TABLE ONLY public.emails ALTER COLUMN id SET DEFAULT nextval('public.emails_id_seq'::regclass);


--
-- Name: phones id; Type: DEFAULT; Schema: public; Owner: postgres
--

ALTER TABLE ONLY public.phones ALTER COLUMN id SET DEFAULT nextval('public.phones_id_seq'::regclass);


--
-- Name: sites id; Type: DEFAULT; Schema: public; Owner: postgres
--

ALTER TABLE ONLY public.sites ALTER COLUMN id SET DEFAULT nextval('public.sites_id_seq'::regclass);


--
-- Data for Name: alembic_version; Type: TABLE DATA; Schema: public; Owner: postgres
--

COPY public.alembic_version (version_num) FROM stdin;
2ed624ce13f4
\.


--
-- Data for Name: clients; Type: TABLE DATA; Schema: public; Owner: postgres
--

COPY public.clients (id, username, email, password_hash, activated, created_at, unique_id) FROM stdin;
1	admin	admin@simple2b.net	pbkdf2:sha256:260000$jKGWRjXnOPe2lfMx$b0cd7c17adf31c2a58b2fb2247470fc355971d287a772ef1b84d4a9b4edcb88e	f	2023-03-21 16:44:47.788499	84929bf5-ee95-4fc2-9603-15ce905fbb9e
\.


--
-- Data for Name: email_site; Type: TABLE DATA; Schema: public; Owner: postgres
--

COPY public.email_site (site_id, email_id) FROM stdin;
1	1
3	2
4	3
5	4
6	5
7	6
7	7
7	8
8	9
9	10
10	11
12	12
13	13
14	14
16	15
17	16
19	17
20	18
21	19
22	20
23	21
24	22
25	23
26	24
27	25
28	26
2	27
11	28
15	29
18	30
29	31
30	32
31	33
32	34
33	35
34	36
35	37
36	22
37	38
38	39
39	40
40	41
41	42
42	43
43	44
44	45
45	46
46	47
47	48
48	49
49	50
50	51
51	52
52	53
53	54
54	55
55	56
56	57
57	58
58	59
59	60
60	61
61	62
62	63
63	64
64	65
65	66
66	67
67	68
68	69
69	70
70	71
71	72
72	73
73	74
74	75
75	76
76	77
77	78
78	79
79	80
80	81
81	82
82	83
83	84
84	85
85	86
86	87
87	88
88	89
89	90
90	91
91	92
92	93
93	94
94	95
95	96
96	97
97	98
98	99
99	100
100	101
101	102
102	103
103	104
104	105
105	106
106	107
107	108
108	109
109	110
110	111
111	112
112	113
113	114
114	115
115	116
116	117
117	118
118	119
119	120
120	121
121	122
122	123
123	124
124	125
125	126
126	127
127	128
128	129
129	130
130	131
131	132
132	133
133	134
134	135
135	136
136	137
137	138
138	139
139	140
140	141
141	142
142	143
143	144
144	145
145	146
146	147
147	148
148	149
149	150
150	151
151	152
152	153
153	154
154	155
155	156
156	157
157	158
158	159
159	160
160	161
161	162
162	163
163	164
164	165
165	166
166	167
167	168
168	169
169	170
170	171
171	172
172	173
173	174
174	175
175	176
176	177
177	178
178	179
179	180
180	181
181	182
182	183
183	184
184	185
185	186
186	187
187	188
188	189
189	190
190	191
191	192
192	193
193	98
194	194
195	195
196	196
197	197
197	198
198	199
199	200
200	201
201	202
202	203
203	204
204	205
205	206
206	207
207	208
208	209
209	210
210	211
211	212
212	213
213	214
214	215
214	216
215	217
216	218
217	219
\.


--
-- Data for Name: emails; Type: TABLE DATA; Schema: public; Owner: postgres
--

COPY public.emails (id, email, created_at) FROM stdin;
1	info@riserealtyca.com	2023-03-21 16:46:14.60401
2	tony@rubyhome.com	2023-03-21 16:46:17.523126
3	your.agent@yourathometeam.com	2023-03-21 16:46:18.534075
4	info@trecmoves.com	2023-03-21 16:46:19.737681
5	contact@kittleteam.com	2023-03-21 16:46:20.796565
6	info@villarealestate.com	2023-03-21 16:46:21.920017
7	tci@timcarrgroup.com	2023-03-21 16:46:21.928672
8	tcarr@villarealestate.com	2023-03-21 16:46:21.935002
9	mr@corcorandwellings.com	2023-03-21 16:46:23.474999
10	jmeetre@palmshome.com	2023-03-21 16:46:24.950741
11	lipplyre.inquiry@gmail.com	2023-03-21 16:46:26.070394
12	sharon@shepherdhomesgroup.com	2023-03-21 16:46:30.002655
13	robert@totalvegasrealestate.com	2023-03-21 16:46:31.014636
14	nick@coastallifeoc.com	2023-03-21 16:46:32.478185
15	info@bighelpergroup.com	2023-03-21 16:46:34.621466
16	lynn@lynnalvarez.com	2023-03-21 16:46:36.061278
17	joe@mnpropertygroup.com	2023-03-21 16:46:38.235608
18	Homes@kennarealestate.com	2023-03-21 16:46:39.438357
19	info@dayhometeam.com	2023-03-21 16:46:40.748886
20	janders.realestate@gmail.com	2023-03-21 16:46:41.968542
21	information@findahomeinkc.com	2023-03-21 16:46:43.12667
22	manager@matinrealestate.com	2023-03-21 16:46:44.288668
23	admin@chartaylorrealestate.com	2023-03-21 16:46:45.325732
24	markhackrealty@gmail.com	2023-03-21 16:46:46.366746
25	shilo@shilostorey.com	2023-03-21 16:46:47.565763
26	hello@trgmove.com	2023-03-21 16:46:48.812009
27	hello@LUXURYSOCALREALTY.com	2023-03-22 08:19:27.429278
28	Kara@TrueNorthAssociates.net	2023-03-22 08:19:28.547157
29	Realty@1kbb.com	2023-03-22 08:19:29.646441
30	James@JamesWexler.com	2023-03-22 08:19:30.553953
31	your.agent@realfx.com	2023-03-22 08:27:03.652325
32	callowayrealestate@gmail.com	2023-03-22 08:27:04.823075
33	info@homepagerealty.com	2023-03-22 08:27:05.842675
34	johnny@thelestergroup.com	2023-03-22 08:27:06.833693
35	andy@pepinerealty.com	2023-03-22 08:27:07.777816
36	nowrealestategroup@gmail.com	2023-03-22 08:27:08.733859
37	tiffany.holtz@coldwellhomes.com	2023-03-22 08:27:09.89504
38	sales@mattoneillteam.com	2023-03-22 08:27:12.280965
39	Info@affinityrealestate.ca	2023-03-22 08:27:13.521515
40	dan@anvilreinc.com	2023-03-22 08:27:14.518131
41	connorhoney@remax.net	2023-03-22 08:27:15.47109
42	leads@thestillergroup.com	2023-03-22 08:27:16.384889
43	info@longitudebcs.com	2023-03-22 08:27:17.105162
44	info@polsinello.ca	2023-03-22 08:27:18.213654
45	251homesearch@gmail.com	2023-03-22 08:27:19.233909
46	remax@teamgoran.com	2023-03-22 08:27:20.313674
47	eflores@ccim.net	2023-03-22 08:27:21.487303
48	info@lonniebush.com	2023-03-22 08:27:22.441506
49	sara@liveutah.com	2023-03-22 08:27:23.838175
50	joeyvirgarealty@gmail.com	2023-03-22 09:39:01.31025
51	ebony@dawkinsresidential.com	2023-03-22 09:39:02.665423
52	debbie@fivemarkrealtygroupllc.com	2023-03-22 09:39:03.67598
53	info@welcomehomepa.com	2023-03-22 09:39:04.765662
54	sold@westonepros.com	2023-03-22 09:39:05.726626
55	trae@daubyrealestate.com	2023-03-22 09:39:06.680864
56	LeadManager@TheChadWilsonGroup.com	2023-03-22 09:39:07.64173
57	info@truerealestatemn.com	2023-03-22 09:39:08.704618
58	ryan@rllv.ca	2023-03-22 09:39:09.70526
59	trey@omegahome.com	2023-03-22 09:39:10.650517
60	leads@jimblackgroup.com	2023-03-22 09:39:11.648057
61	info@lauriezokoe.com	2023-03-22 09:39:12.896865
62	info@weknowottawa.com	2023-03-22 09:39:14.090298
63	nassargroup@compass.com	2023-03-22 09:39:15.199267
64	ryan.s.newport@gmail.com	2023-03-22 09:39:16.102722
65	chris@elliottreteam.com	2023-03-22 09:39:17.531019
66	inquiry@katrinaandtheteam.com	2023-03-22 09:39:18.522211
67	Info@TidalRealtyPartners.com	2023-03-22 09:39:19.689692
68	info@manausa.com	2023-03-22 09:39:21.197382
69	angie@acolerealty.com	2023-03-22 09:39:22.349105
70	Info@SierraCrestRealEstate.com	2023-03-22 09:39:23.335461
71	info@johnhillhomesearch.com	2023-03-22 09:39:24.274988
72	inquiries@lyvrealty.com	2023-03-22 09:39:25.348935
73	pauloster@earthlink.net	2023-03-22 09:39:26.212262
74	bwurst@abetterway.com	2023-03-22 09:39:27.248427
75	leads@graywaltrealty.com	2023-03-22 09:39:28.315576
76	jeremy@hrtsold.com	2023-03-22 09:39:29.465938
77	manager@dolanre.com	2023-03-22 09:39:30.680175
78	Marcus@palmparadiseteam.com	2023-03-22 09:39:31.702876
79	carsonlangridge@gmail.com	2023-03-22 09:39:32.862218
80	elaine@elainekoch.com	2023-03-22 09:39:34.055535
81	joe@cityandfieldhomes.com	2023-03-22 09:39:35.189195
82	sales@callrayo.com	2023-03-22 09:39:36.25629
83	serge@findmyhouse.ca	2023-03-22 09:39:37.239028
84	customercare@realtyohio.com	2023-03-22 09:39:38.324617
85	walid@walidmrealtor.com	2023-03-22 09:39:39.552743
86	estefania@lauriereader.com	2023-03-22 09:39:56.059738
87	gusty@gustygulasgroup.com	2023-03-22 09:39:56.987326
88	leslie@brealthomasville.com	2023-03-22 09:39:57.911146
89	office@oakandstonerealestate.com	2023-03-22 09:39:58.97014
90	Riley@leetessier.com	2023-03-22 09:40:00.065101
91	ben@tylerhousehunters.com	2023-03-22 09:40:01.134702
92	hello@atkinsonteam.ca	2023-03-22 09:40:02.111594
93	isa@keetonco.com	2023-03-22 09:40:03.301847
94	cvr@clearviewep.com	2023-03-22 09:40:04.301214
95	rich@thebassfordteam.com	2023-03-22 09:40:05.329695
96	kre@kessingerrealestate.com	2023-03-22 10:16:05.23217
97	justin@woodregroup.com	2023-03-22 10:16:06.454253
98	leads@performance-realestate.com	2023-03-22 10:16:15.27994
99	grist@gristrealestate.com	2023-03-22 10:16:17.332321
100	sales@lincolnselect.com	2023-03-22 10:16:38.357081
101	Lindee@brgut.com	2023-03-22 10:16:59.968819
102	michelle@cantrellre.com	2023-03-22 10:17:21.626841
103	info@ronsellsthebeach.com	2023-03-22 10:17:22.706494
104	kiana@olaniproperties.com	2023-03-22 10:17:23.859296
105	leads@ankenyre.com	2023-03-22 10:17:25.157874
106	admin@dustonleddy.com	2023-03-22 10:17:26.269899
107	delrio@resintexas.com	2023-03-22 10:17:27.390008
108	katy@avenueret.com	2023-03-22 10:17:28.65976
109	ryan@ryandobbsteam.com	2023-03-22 10:17:29.738929
110	mklaurendeau@gmail.com	2023-03-22 10:17:30.949801
111	Britt@GoodMorningRealty.com	2023-03-22 10:17:32.089843
112	derek@symbiodenver.com	2023-03-22 10:17:33.016527
113	BURealty@gmail.com	2023-03-22 10:17:34.223569
114	sales@costellorei.com	2023-03-22 10:17:35.776145
115	lindseyg@everydoorrealestate.com	2023-03-22 10:17:36.792857
116	adam@thebrileyteam.com	2023-03-22 10:17:37.847885
117	office@abanksrealestate.com	2023-03-22 10:17:39.031194
118	team@goldcountrymodern.com	2023-03-22 10:17:40.100352
119	aaron@pinnaclegrouprealestateservices.com	2023-03-22 10:17:41.272791
120	jleonbruno@tailoredreg.com	2023-03-22 10:17:42.393887
121	info@Atlaspremierrealty.com	2023-03-22 10:17:43.512477
122	Paul@CinciNKYRealEstate.com	2023-03-22 10:17:44.605667
123	Brady@residedfw.com	2023-03-22 10:17:45.634136
124	info@jacobsandco.com	2023-03-22 10:17:47.131594
125	Ray@TurnerRen.com	2023-03-22 10:17:48.085015
126	contact@thinkrealestategroup.com	2023-03-22 10:17:49.083592
127	info@realbremerton.com	2023-03-22 10:17:50.31915
128	brokentarget@roadrunner.com	2023-03-22 10:17:51.473112
129	info@trilliantrealty.ca	2023-03-22 10:17:52.725653
130	Hello@inmotionre.com	2023-03-22 10:17:53.780648
131	ben@parkcityluxuryrealestate.com	2023-03-22 10:17:54.846558
132	info@scovillefoleyhomes.com	2023-03-22 10:17:56.3009
133	mike@novakteam.com	2023-03-22 10:17:57.59608
134	Ahack@njrealtypros.com	2023-03-22 10:17:58.622148
135	byron@oneteamct.com	2023-03-22 10:17:59.693073
136	info@maddenrealestate.com	2023-03-22 10:18:00.712281
137	Jeffrey@JeffreyFowler.com	2023-03-22 10:18:01.771167
138	admin@mclaurinrealtygrp.com	2023-03-22 10:18:02.831926
139	info@resourcecolumbia.com	2023-03-22 10:18:03.952307
140	jazz@homesregina.ca	2023-03-22 10:18:04.920887
141	carson@carsonlowryteam.com	2023-03-22 10:18:06.481294
142	buddy@buddyblake.com	2023-03-22 10:18:07.63178
143	mariya@theoldfathergroup.com	2023-03-22 10:18:09.231498
144	sales@mattsmithrealestategroup.com	2023-03-22 10:18:10.250569
145	markhillersells@gmail.com	2023-03-22 10:18:11.29761
146	Tom@VaHomes.com	2023-03-22 10:18:12.537307
147	steven@urbancoolhomes.com	2023-03-22 10:18:13.518185
148	info@wardsworthgroup.com	2023-03-22 10:18:14.988116
149	company@amwre.com	2023-03-22 10:18:16.010615
150	davidkurtz903@gmail.com	2023-03-22 10:18:17.123062
151	beth@haltomhometeam.com	2023-03-22 10:18:17.993526
152	leads.caliberrealestate@gmail.com	2023-03-22 10:18:19.097183
153	leads@currangrp.com	2023-03-22 10:18:20.232698
154	John@JohnQuinnTeam.com	2023-03-22 10:18:21.216639
155	contact@southernbellliving.com	2023-03-22 10:18:22.804949
156	karl@kennethjamesrealty.com	2023-03-22 10:18:23.854938
157	cburr@ttrsir.com	2023-03-22 10:18:25.084107
158	sellmyhome@atlanticsir.com	2023-03-22 10:18:26.017412
159	team@mcphersonsisters.com	2023-03-22 10:18:27.242192
160	robert@crescasrealestate.com	2023-03-22 10:18:28.289594
161	staci@harbinteam.com	2023-03-22 10:18:29.324526
162	christine@txluxere.com	2023-03-22 10:18:30.31744
163	info@indianahomesfirst.com	2023-03-22 10:18:31.594469
164	Hello@RESolutions.realtor	2023-03-22 10:18:32.891149
165	citrusrealty@yahoo.com	2023-03-22 10:18:34.043245
166	justin@signalrealestate.com	2023-03-22 10:18:35.002138
167	mitchellmovesyou@gmail.com	2023-03-22 10:18:36.171662
168	jonathan@lakeoconee.realty	2023-03-22 10:18:37.310541
169	mercy@casalsrealtors.com	2023-03-22 10:18:39.331344
170	b4imove@gmail.com	2023-03-22 10:18:40.307116
171	Info@JeffReal.com	2023-03-22 10:18:41.241855
172	334homesearch@gmail.com	2023-03-22 10:18:42.315315
173	leads@cyfairrealestate.com	2023-03-22 10:18:43.47343
174	info@domorealestate.com	2023-03-22 10:18:45.11523
175	alex@therivlingroup.com	2023-03-22 10:18:46.334033
176	brittany@moverealestate.org	2023-03-22 10:18:47.770952
177	msorensen@sorensenrealestate.com	2023-03-22 10:18:48.709791
178	terry@trexlerrealestate.com	2023-03-22 10:18:49.728197
179	admin@viewhomes.ca	2023-03-22 10:18:50.833377
180	info@Ezhomesearch.com	2023-03-22 10:18:52.553841
181	Info@mhodgerealty.com	2023-03-22 10:18:53.643682
182	phyllis@allgoodsoldit.com	2023-03-22 10:18:54.760314
183	info@markdietel.com	2023-03-22 10:18:55.714883
184	LiveTall@realtallrealestate.com	2023-03-22 10:18:57.041197
185	Hello@HomeSweetHomeGroup.com	2023-03-22 10:18:58.05609
186	Shinerealestate@yahoo.com	2023-03-22 10:18:59.803407
187	josh@simpsonrealtygrouprva.com	2023-03-22 10:19:00.995711
188	info@hampsonproperties.com	2023-03-22 10:19:02.147701
189	zanthia@soldbyzan.com	2023-03-22 10:19:03.299857
190	shishana@mogul-realestate.com	2023-03-22 10:19:04.414537
191	Info@HauteTeam.com	2023-03-22 10:19:05.590429
192	nathan@soldinfla.com	2023-03-22 10:19:06.806592
193	conormacevilly@kw.com	2023-03-22 13:00:49.064969
194	rudy@montoyarealestategroup.com	2023-03-22 13:00:51.353186
195	carolyn@carolynyounghomes.com	2023-03-22 13:00:52.366192
196	info@thefentongroup.ca	2023-03-22 13:00:53.581332
197	richardson@rg423.com	2023-03-22 13:00:54.79521
198	richardson@bryanandcindi.com	2023-03-22 13:00:54.803478
199	casey@segrestgroup.com	2023-03-22 13:00:55.799231
200	travis@jodyclegg.com	2023-03-22 13:00:56.737262
201	brianhabel@gmail.com	2023-03-22 13:00:57.703091
202	ryan@kosrealtygroup.com	2023-03-22 13:00:59.080808
203	mark@ciochon.com	2023-03-22 13:01:00.009146
204	tammy@alwaysyourrealtor.com	2023-03-22 13:01:01.519316
205	info@riccirealty.com	2023-03-22 13:01:02.625129
206	j.lynch@innetworkrealestate.com	2023-03-22 13:01:03.709179
207	info@schulerbauer.com	2023-03-22 13:01:04.756409
208	leads@dwellingsmi.com	2023-03-22 13:01:05.760656
209	customerservice@dallairerealty.com	2023-03-22 13:01:07.023077
210	JuneRealtyRI@gmail.com	2023-03-22 13:01:08.016585
211	info@megaagents.com	2023-03-22 13:01:08.978257
212	ed@edprather.com	2023-03-22 13:01:10.151095
213	patrick@crestpointindy.com	2023-03-22 13:01:11.165936
214	gina@beachlooprealty.com	2023-03-22 13:01:12.05349
215	marketing@jillsmithteam.com	2023-03-22 13:01:13.093921
216	sales@jillsmithteam.com	2023-03-22 13:01:13.10473
217	leads@jeffcookrealestate.com	2023-03-22 13:01:14.208326
218	Russell@ArizonaRealEstate.com	2023-03-22 13:01:15.100179
219	ontrack@coldwellbanker.ca	2023-03-22 13:01:16.110822
\.


--
-- Data for Name: phone_site; Type: TABLE DATA; Schema: public; Owner: postgres
--

COPY public.phone_site (site_id, phone_id) FROM stdin;
1	1
1	2
2	3
2	4
3	5
4	6
4	7
5	8
5	9
5	10
6	11
6	12
6	13
6	14
6	15
7	16
8	17
9	18
9	19
9	20
10	21
10	22
10	23
11	24
11	25
12	26
12	27
12	28
12	29
13	30
13	31
14	32
14	33
14	34
15	35
16	36
16	37
16	38
17	39
17	40
18	41
19	42
20	43
20	44
20	45
20	46
21	47
21	48
21	49
21	50
22	51
22	52
23	53
23	54
24	55
24	56
24	57
24	58
25	59
25	60
26	61
26	62
26	63
26	64
27	65
27	66
28	67
28	68
29	70
30	71
30	72
31	73
31	74
31	75
31	76
32	77
32	78
32	79
33	80
33	81
34	82
34	83
35	84
35	85
35	86
36	87
36	58
36	88
36	89
37	90
37	91
37	92
37	93
38	94
39	95
39	96
39	97
40	98
40	99
41	100
41	101
41	102
42	103
43	104
44	105
44	106
45	107
45	108
45	109
46	110
46	111
46	112
46	113
47	114
47	115
47	116
47	117
48	118
48	119
49	120
50	121
50	122
50	123
50	124
51	125
52	126
53	127
54	128
54	129
54	130
55	131
56	132
57	133
57	134
58	135
58	136
59	137
60	138
61	139
61	140
62	141
62	142
63	143
63	144
63	145
64	146
64	147
64	148
65	149
66	150
66	151
67	152
67	153
68	154
69	155
69	156
70	157
71	158
72	159
72	160
73	161
73	162
74	163
75	164
75	165
76	166
76	167
76	168
77	169
78	170
78	171
78	172
79	173
79	174
80	175
81	176
81	177
82	178
83	179
84	180
86	181
86	182
86	183
87	184
88	185
89	186
89	187
89	188
90	189
91	190
91	191
91	192
92	193
92	194
92	195
93	196
94	197
94	198
94	199
85	200
95	201
96	202
96	203
96	204
97	205
98	206
99	207
100	208
100	209
101	210
101	211
101	212
101	213
102	214
102	215
102	216
103	217
103	218
103	219
104	220
104	221
105	222
105	223
105	224
106	225
107	226
107	227
108	228
108	229
108	230
109	231
109	232
110	233
111	234
112	235
113	236
113	237
114	238
115	239
115	240
115	241
116	242
116	243
117	244
118	245
119	246
119	247
120	248
120	249
121	250
122	251
122	252
123	253
123	254
124	255
124	256
125	257
126	258
126	259
127	260
127	261
128	262
128	263
128	264
129	265
130	266
131	267
131	268
132	269
132	270
132	271
133	272
133	273
134	274
134	275
134	276
135	277
135	278
135	279
136	280
136	281
136	282
137	283
138	284
138	285
138	286
139	287
140	288
140	289
141	290
141	291
142	292
142	293
142	294
142	295
143	296
143	297
143	298
144	299
144	300
145	301
145	302
145	303
146	304
146	305
147	306
147	307
148	308
149	309
149	310
150	311
150	312
151	313
151	314
152	315
152	316
153	317
153	318
154	319
155	320
156	321
156	322
157	323
157	324
157	325
158	326
158	327
159	328
159	329
159	330
160	331
160	332
161	333
161	334
162	335
163	336
164	337
164	338
165	339
165	340
166	341
166	342
166	343
166	344
167	345
167	346
167	347
168	348
168	349
169	350
169	351
169	352
170	353
171	354
172	355
173	356
174	357
174	358
174	359
175	360
176	361
176	362
177	363
178	364
178	365
179	366
180	367
181	368
181	369
182	370
182	371
183	372
184	373
185	374
186	375
186	376
186	377
187	378
187	379
187	380
188	381
188	382
188	383
189	384
189	385
190	386
191	387
191	388
191	389
192	390
193	391
193	392
193	393
193	394
193	395
193	396
193	397
193	398
193	399
193	205
193	400
193	401
193	402
193	403
193	404
194	405
194	406
194	407
194	408
195	409
195	410
195	411
195	412
196	413
197	414
198	415
199	416
199	417
199	418
200	419
201	420
202	421
202	422
202	423
203	424
203	425
204	426
205	427
205	428
205	429
206	430
207	431
207	432
207	433
208	434
208	435
209	436
209	437
209	438
210	439
211	440
211	441
212	442
213	443
214	444
214	445
214	446
215	447
216	448
217	449
\.


--
-- Data for Name: phones; Type: TABLE DATA; Schema: public; Owner: postgres
--

COPY public.phones (id, number, created_at) FROM stdin;
1	(760) 470-2752	2023-03-21 16:46:14.5754
2	(866) 344-7473	2023-03-21 16:46:14.582407
3	(858) 752-8730	2023-03-21 16:46:15.85526
4	(760) 207-8278	2023-03-21 16:46:15.864662
5	(323) 678-9004	2023-03-21 16:46:17.470998
6	(703) 549-9292	2023-03-21 16:46:18.478708
7	(703) 286-1333	2023-03-21 16:46:18.488317
8	(403) 607-0681	2023-03-21 16:46:19.698901
9	(403) 270-4060	2023-03-21 16:46:19.704654
10	(587) 433-5908	2023-03-21 16:46:19.709789
11	(970) 460-4444	2023-03-21 16:46:20.706826
12	970-218-9200	2023-03-21 16:46:20.724088
13	(970) 325-6444	2023-03-21 16:46:20.732302
14	(970) 305-3572	2023-03-21 16:46:20.740677
15	970-460-4444	2023-03-21 16:46:20.758919
16	(949) 717-6000	2023-03-21 16:46:21.866269
17	(941) 822-0708	2023-03-21 16:46:23.415565
18	(703) 408-6606	2023-03-21 16:46:24.870991
19	(843) 310-6855	2023-03-21 16:46:24.880924
20	(315) 569-8627	2023-03-21 16:46:24.88992
21	(727) 216-6549	2023-03-21 16:46:26.038635
22	(727) 314-1000	2023-03-21 16:46:26.04387
23	727-314-1000	2023-03-21 16:46:26.048645
24	(760) 313-3856	2023-03-21 16:46:27.208345
25	(760) 313-7117	2023-03-21 16:46:27.214327
26	(973) 903-0886	2023-03-21 16:46:29.916129
27	(540) 309-7760	2023-03-21 16:46:29.927003
28	(774) 278-1509	2023-03-21 16:46:29.936852
29	(703) 997-1462	2023-03-21 16:46:29.946967
30	(702) 896-5500	2023-03-21 16:46:30.98687
31	(702) 460-2712	2023-03-21 16:46:30.992392
32	443-614-9179	2023-03-21 16:46:32.413338
33	443-552-7579	2023-03-21 16:46:32.427934
34	(443) 614-9179	2023-03-21 16:46:32.437742
35	(814) 234-4000	2023-03-21 16:46:33.41173
36	(480) 223-8255	2023-03-21 16:46:34.56773
37	(480) 454-8713	2023-03-21 16:46:34.582328
38	(480) 292-6515	2023-03-21 16:46:34.588227
39	(704) 957-2232	2023-03-21 16:46:36.009644
40	(704) 975-2429	2023-03-21 16:46:36.017416
41	(480) 386-0711	2023-03-21 16:46:37.008851
42	(763) 300-2702	2023-03-21 16:46:38.18591
43	(303) 955-4220	2023-03-21 16:46:39.359355
44	(720) 206-6770	2023-03-21 16:46:39.36829
45	303 955 4220	2023-03-21 16:46:39.377216
46	303-955-4220	2023-03-21 16:46:39.386692
47	(240) 549-6585	2023-03-21 16:46:40.706433
48	(240) 549-5758	2023-03-21 16:46:40.720303
49	(866) 702-9038	2023-03-21 16:46:40.723884
50	301-695-3020	2023-03-21 16:46:40.727315
51	(256) 476-0738	2023-03-21 16:46:41.928685
52	(256) 476-4206	2023-03-21 16:46:41.935594
53	(913) 438-2000	2023-03-21 16:46:43.087536
54	(913) 273-5938	2023-03-21 16:46:43.097414
55	(503) 546-0028	2023-03-21 16:46:44.199751
56	(503) 447-3599	2023-03-21 16:46:44.210809
57	(505) 459-4421	2023-03-21 16:46:44.221405
58	(503) 622-9624	2023-03-21 16:46:44.231585
59	(360) 606-5521	2023-03-21 16:46:45.284932
60	(360) 607-5585	2023-03-21 16:46:45.292666
61	(502) 930-0727	2023-03-21 16:46:46.28782
62	(502) 298-7052	2023-03-21 16:46:46.297745
63	(502) 403-4638	2023-03-21 16:46:46.307728
64	(888) 581-8733	2023-03-21 16:46:46.317543
65	(403) 771-9002	2023-03-21 16:46:47.513426
66	(403) 278-2900	2023-03-21 16:46:47.522062
67	(563) 893-8310	2023-03-21 16:46:48.754415
68	(563) 723-8981	2023-03-21 16:46:48.763921
70	(512) 956-7390	2023-03-22 08:27:24.783043
71	(850) 209-1010	2023-03-22 08:27:25.706522
72	(334) 489-3299	2023-03-22 08:27:25.7258
73	(502) 494-2616	2023-03-22 08:27:26.539783
74	(502) 690-6685	2023-03-22 08:27:26.551686
75	(502) 291-5889	2023-03-22 08:27:26.56375
76	502-690-6685	2023-03-22 08:27:26.575748
77	(979) 977-1377	2023-03-22 08:27:27.540339
78	(979) 271-4663	2023-03-22 08:27:27.56083
79	(979) 977-1757	2023-03-22 08:27:27.573409
80	(352) 226-8474	2023-03-22 08:27:28.628797
81	(239) 776-1624	2023-03-22 08:27:28.640091
82	(780) 449-2800	2023-03-22 08:27:29.71018
83	(780) 449-3499	2023-03-22 08:27:29.718986
84	(920) 574-4422	2023-03-22 08:27:31.092429
85	(920) 993-8287	2023-03-22 08:27:31.099906
86	(920) 993-7227	2023-03-22 08:27:31.107702
87	(503) 622-9601	2023-03-22 08:27:32.019754
88	(541) 965-0159	2023-03-22 08:27:32.04392
89	(541) 430-5755	2023-03-22 08:27:32.054263
90	(843) 619-0401	2023-03-22 08:27:33.05284
91	(843) 991-4766	2023-03-22 08:27:33.066702
92	843-619-0401	2023-03-22 08:27:33.078431
93	(843) 709-4075	2023-03-22 08:27:33.09035
94	(888) 333-5357	2023-03-22 08:27:34.064336
95	(949) 413-3650	2023-03-22 08:27:35.083012
96	(949) 500-7591	2023-03-22 08:27:35.090921
97	(949) 799-1582	2023-03-22 08:27:35.09865
98	(780) 934-5660	2023-03-22 08:27:35.962602
99	(780) 481-2950	2023-03-22 08:27:35.980993
100	(502) 414-1031	2023-03-22 08:27:36.861399
101	(812) 989-2224	2023-03-22 08:27:36.869672
102	(502) 445-8903	2023-03-22 08:27:36.877744
103	(979) 431-5005	2023-03-22 08:27:37.925693
104	(905) 830-9111	2023-03-22 08:27:38.82059
105	(251) 265-1230	2023-03-22 08:27:39.904752
106	(251) 455-1234	2023-03-22 08:27:39.913043
107	(226) 605-5571	2023-03-22 08:27:40.987979
108	(226) 605-6629	2023-03-22 08:27:40.997361
109	(519) 979-9949	2023-03-22 08:27:41.006623
110	(956) 322-8522	2023-03-22 08:27:42.003158
111	(956) 466-7933	2023-03-22 08:27:42.020341
112	(956) 249-8651	2023-03-22 08:27:42.029563
113	(956) 502-0238	2023-03-22 08:27:42.038676
114	(757) 217-0900	2023-03-22 08:27:43.038995
115	(443) 975-8460	2023-03-22 08:27:43.059407
116	(571) 484-8936	2023-03-22 08:27:43.072262
117	(757) 271-9971	2023-03-22 08:27:43.08473
118	(801) 707-5999	2023-03-22 08:27:44.167148
119	(385) 988-5340	2023-03-22 08:27:44.17768
120	+18508146999	2023-03-22 09:40:19.485683
121	+17576632713	2023-03-22 09:40:20.626521
122	+17574047756	2023-03-22 09:40:20.638771
123	+17575154840	2023-03-22 09:40:20.650102
124	+17579030099	2023-03-22 09:40:20.660621
125	+19785397335	2023-03-22 09:40:21.674831
126	+15703221991	2023-03-22 09:40:22.553053
127	+15035940805	2023-03-22 09:40:23.503967
128	+18127460541	2023-03-22 09:40:24.352322
129	+15028369404	2023-03-22 09:40:24.360553
130	+18127774611	2023-03-22 09:40:24.36779
131	+16362297653	2023-03-22 09:40:25.444847
132	+15073458783	2023-03-22 09:40:26.60701
133	+17804506300	2023-03-22 09:40:27.586455
134	+15874001088	2023-03-22 09:40:27.594731
135	+18888599461	2023-03-22 09:40:28.439903
136	+14045864484	2023-03-22 09:40:28.445903
137	+15083653532	2023-03-22 09:40:29.317046
138	+16169019632	2023-03-22 09:40:30.451176
139	+16138801122	2023-03-22 09:40:31.404029
140	+16138412111	2023-03-22 09:40:31.410844
141	+12029574500	2023-03-22 09:40:32.568106
142	+17033106111	2023-03-22 09:40:32.576986
143	+18607546691	2023-03-22 09:40:33.496116
144	+18604142265	2023-03-22 09:40:33.506521
145	+18608091691	2023-03-22 09:40:33.516713
146	+18044096181	2023-03-22 09:40:34.75216
147	+18049227227	2023-03-22 09:40:34.766166
148	+18049801898	2023-03-22 09:40:34.778289
149	+16045070200	2023-03-22 09:40:35.748816
150	+19103726720	2023-03-22 09:40:36.789321
151	+18885849431	2023-03-22 09:40:36.796605
152	+18503668917	2023-03-22 09:40:59.944502
153	+18503785727	2023-03-22 09:40:59.952051
154	+19195783128	2023-03-22 09:41:01.029435
155	+17609140297	2023-03-22 09:41:01.968332
156	+17606487304	2023-03-22 09:41:01.978371
157	+18149449377	2023-03-22 09:41:02.889649
158	+19785338000	2023-03-22 09:41:03.95344
159	+17609140562	2023-03-22 09:41:04.804743
160	+17609344542	2023-03-22 09:41:04.815864
161	+17574249007	2023-03-22 09:41:05.694744
162	+17576194128	2023-03-22 09:41:05.704924
163	+15013352235	2023-03-22 09:41:06.740535
164	+13303983401	2023-03-22 09:41:07.691667
165	+13305098765	2023-03-22 09:41:07.699866
166	+16034432356	2023-03-22 09:41:08.721708
167	+16033599881	2023-03-22 09:41:08.732014
168	+16037636033	2023-03-22 09:41:08.74128
169	+12393492487	2023-03-22 09:41:19.931623
170	+17809062622	2023-03-22 09:41:21.178684
171	+17805045985	2023-03-22 09:41:21.192248
172	+17804458557	2023-03-22 09:41:21.204385
173	+13018407320	2023-03-22 09:41:22.203227
174	+12404971700	2023-03-22 09:41:22.222588
175	+13125938854	2023-03-22 09:41:23.316036
176	+19058427000	2023-03-22 09:41:24.393705
177	+16478022020	2023-03-22 09:41:24.416121
178	+17809956520	2023-03-22 09:41:25.56392
179	+16142911200	2023-03-22 09:41:26.505266
180	+19803225757	2023-03-22 09:41:31.999624
181	+12056887873	2023-03-22 09:42:03.284684
182	+12055660294	2023-03-22 09:42:03.304622
183	+12055421996	2023-03-22 09:42:03.316438
184	+12292335043	2023-03-22 09:42:04.260897
185	+12482660584	2023-03-22 09:42:05.224226
186	+14106389555	2023-03-22 09:42:06.096843
187	+14433861797	2023-03-22 09:42:06.10716
188	+14106884042	2023-03-22 09:42:06.117385
189	+19035612600	2023-03-22 09:42:07.241433
190	+14039773066	2023-03-22 09:42:08.334156
191	+14034581234	2023-03-22 09:42:08.341478
192	+14037957777	2023-03-22 09:42:08.348556
193	+18045342004	2023-03-22 09:42:09.353909
194	+18043919397	2023-03-22 09:42:09.364654
195	+18049133226	2023-03-22 09:42:09.374514
196	+19158551110	2023-03-22 09:42:10.515952
197	+13092923681	2023-03-22 09:42:11.541897
198	+15633915800	2023-03-22 09:42:11.550897
199	+15634994903	2023-03-22 09:42:11.55933
200	+19544154602	2023-03-22 10:19:07.826926
201	+16622345555	2023-03-22 10:19:09.223731
202	+19036309663	2023-03-22 10:19:10.284856
203	+19033524489	2023-03-22 10:19:10.303519
204	+19032620054	2023-03-22 10:19:10.31488
205	+14067557653	2023-03-22 10:19:11.290997
206	+13046455000	2023-03-22 10:19:12.198553
207	+14029370090	2023-03-22 10:19:13.203432
208	+18014589244	2023-03-22 10:19:14.140168
209	+18017824575	2023-03-22 10:19:14.159148
210	+14174140324	2023-03-22 10:19:15.192196
211	+14174259802	2023-03-22 10:19:15.213709
212	+14172948919	2023-03-22 10:19:15.222124
213	+14174141114	2023-03-22 10:19:15.2313
214	+13219662321	2023-03-22 10:19:16.356059
215	+13868717697	2023-03-22 10:19:16.366934
216	+13862870919	2023-03-22 10:19:16.377175
217	+19163147508	2023-03-22 10:19:17.58922
218	+19162596625	2023-03-22 10:19:17.600275
219	+19096494315	2023-03-22 10:19:17.611052
220	+15152076740	2023-03-22 10:19:18.537878
221	+15159643662	2023-03-22 10:19:18.557191
222	+18883878533	2023-03-22 10:19:19.610735
223	+16036618127	2023-03-22 10:19:19.630458
224	+16036822100	2023-03-22 10:19:19.642136
225	+18304222525	2023-03-22 10:19:20.826631
226	+19209809302	2023-03-22 10:19:21.940986
227	+19208933001	2023-03-22 10:19:21.950752
228	+16618086576	2023-03-22 10:19:22.996159
229	+16617427532	2023-03-22 10:19:23.00835
230	+16614626866	2023-03-22 10:19:23.019576
231	+17575750458	2023-03-22 10:19:24.148621
232	+17579857889	2023-03-22 10:19:24.159196
233	+13153768688	2023-03-22 10:19:25.564439
234	+17209557770	2023-03-22 10:19:26.523763
235	+14796465539	2023-03-22 10:19:27.590737
236	+19198805563	2023-03-22 10:19:28.992209
237	+19802288935	2023-03-22 10:19:29.004744
238	+12062227820	2023-03-22 10:19:30.039377
239	+14024329984	2023-03-22 10:19:30.951093
240	+14029137486	2023-03-22 10:19:30.962275
241	+14025665420	2023-03-22 10:19:30.973403
242	+19125592142	2023-03-22 10:19:31.966619
243	+19124240687	2023-03-22 10:19:31.979369
244	(209) 425-4700	2023-03-22 10:19:32.987347
245	+12607059555	2023-03-22 10:19:34.048993
246	+15187141470	2023-03-22 10:19:35.271536
247	+15184002550	2023-03-22 10:19:35.286891
248	+14106899425	2023-03-22 10:19:36.489567
249	+14434876410	2023-03-22 10:19:36.498721
250	(513) 560-8002	2023-03-22 10:19:37.443202
251	+18174844345	2023-03-22 10:19:38.570575
252	+18174844387	2023-03-22 10:19:38.576386
253	+17035943800	2023-03-22 10:19:39.797116
254	+17033465855	2023-03-22 10:19:39.803405
255	+19417049289	2023-03-22 10:19:40.800212
256	+19414475979	2023-03-22 10:19:40.807876
257	+12132635260	2023-03-22 10:19:41.868651
258	+13603287467	2023-03-22 10:19:43.05099
259	+13605097042	2023-03-22 10:19:43.066341
260	+17502251537	2023-03-22 10:19:44.294727
261	+17403896414	2023-03-22 10:19:44.303217
262	+15878155152	2023-03-22 10:19:45.541086
263	+15877150744	2023-03-22 10:19:45.551488
264	+14038878579	2023-03-22 10:19:45.562062
265	+17209033300	2023-03-22 10:19:46.474695
266	+14359620192	2023-03-22 10:19:47.30532
267	+12078850500	2023-03-22 10:19:48.653427
268	+12077303071	2023-03-22 10:19:48.663755
269	+13603930396	2023-03-22 10:19:49.712627
270	+14255295100	2023-03-22 10:19:49.723328
271	+14255121143	2023-03-22 10:19:49.734796
272	+17322347020	2023-03-22 10:19:50.797041
273	+17322139082	2023-03-22 10:19:50.812692
274	+12038150077	2023-03-22 10:19:51.800963
275	+18608500500	2023-03-22 10:19:51.807598
276	+14013168346	2023-03-22 10:19:51.813556
277	+19073286914	2023-03-22 10:19:53.062098
278	+19074523000	2023-03-22 10:19:53.068991
279	+19073713070	2023-03-22 10:19:53.075265
280	+13023600300	2023-03-22 10:19:53.945857
281	+13027277355	2023-03-22 10:19:53.95623
282	+13027273013	2023-03-22 10:19:53.966446
283	+19198071288	2023-03-22 10:19:55.104963
284	+18037584444	2023-03-22 10:19:56.203088
285	+18034675448	2023-03-22 10:19:56.221256
286	+18035379296	2023-03-22 10:19:56.229799
287	+13069004746	2023-03-22 10:19:57.223478
288	+18124494663	2023-03-22 10:19:58.28269
289	+18123054663	2023-03-22 10:19:58.298474
290	+19107658705	2023-03-22 10:19:59.181286
291	+19104442454	2023-03-22 10:19:59.19317
292	+13022602000	2023-03-22 10:20:00.447745
293	+14108082174	2023-03-22 10:20:00.460862
294	+13015004712	2023-03-22 10:20:00.473676
295	+13022734998	2023-03-22 10:20:00.488948
296	+17748230316	2023-03-22 10:20:01.445288
297	+15734512020	2023-03-22 10:20:01.455721
298	+15735529262	2023-03-22 10:20:01.465636
299	+18507494007	2023-03-22 10:20:02.602476
300	+18505827653	2023-03-22 10:20:02.614973
301	+17577777577	2023-03-22 10:20:03.822004
302	+19787665642	2023-03-22 10:20:03.830878
303	+17574272274	2023-03-22 10:20:03.839295
304	+13168446633	2023-03-22 10:20:04.835211
305	+14028301655	2023-03-22 10:20:04.846301
306	+19198686447	2023-03-22 10:20:06.295133
307	+19192688929	2023-03-22 10:20:06.316539
308	+17578065906	2023-03-22 10:20:07.373476
309	+19035742888	2023-03-22 10:20:08.275484
310	+19035259317	2023-03-22 10:20:08.291491
311	+17314991993	2023-03-22 10:20:09.144073
312	+17319842200	2023-03-22 10:20:09.155983
313	+17149886339	2023-03-22 10:20:10.231628
314	+17142923210	2023-03-22 10:20:10.239218
315	+19089020932	2023-03-22 10:20:11.47787
316	+17323593203	2023-03-22 10:20:11.492632
317	+19016856000	2023-03-22 10:20:12.665174
318	+19015918100	2023-03-22 10:20:12.675091
319	+18432879888	2023-03-22 10:20:13.993581
320	+14804188872	2023-03-22 10:20:15.182085
321	+13013463345	2023-03-22 10:20:16.293749
322	+13019673344	2023-03-22 10:20:16.312928
323	+17573025545	2023-03-22 10:20:17.461405
324	+17573405555	2023-03-22 10:20:17.474687
325	+17576368113	2023-03-22 10:20:17.486894
326	+16124404994	2023-03-22 10:20:18.585842
327	+17632212221	2023-03-22 10:20:18.598637
328	+15402260609	2023-03-22 10:20:19.772019
329	+17575207355	2023-03-22 10:20:19.778361
330	+17046072524	2023-03-22 10:20:19.784428
331	+13256038110	2023-03-22 10:20:20.768886
332	+13256033579	2023-03-22 10:20:20.778385
333	+12816884480	2023-03-22 10:20:22.033344
334	+18177839497	2023-03-22 10:20:22.040542
335	+18129237050	2023-03-22 10:20:23.110432
336	+15024985455	2023-03-22 10:20:24.127941
337	+13526132718	2023-03-22 10:20:25.299982
338	+13528975111	2023-03-22 10:20:25.323189
339	+16174889549	2023-03-22 10:20:26.447848
340	+19787904381	2023-03-22 10:20:26.453819
341	+16466423353	2023-03-22 10:20:27.608837
342	+17183820001	2023-03-22 10:20:27.620835
343	+12123003919	2023-03-22 10:20:27.633061
344	+17183820005	2023-03-22 10:20:27.644983
345	+17069203332	2023-03-22 10:20:28.820354
346	+17069203407	2023-03-22 10:20:28.82918
347	+17069206340	2023-03-22 10:20:28.836776
348	+17038616510	2023-03-22 10:20:30.009397
349	+17033483911	2023-03-22 10:20:30.022726
350	+17249239382	2023-03-22 10:20:30.977984
351	+17243903434	2023-03-22 10:20:30.989799
352	+17249411427	2023-03-22 10:20:30.999955
353	+17198362615	2023-03-22 10:20:31.961151
354	+13343503351	2023-03-22 10:20:32.90664
355	+18323031018	2023-03-22 10:20:34.238948
356	+13103412017	2023-03-22 10:20:35.224973
357	+17026028001	2023-03-22 10:20:36.395557
358	+17029351312	2023-03-22 10:20:36.40291
359	+17028995280	2023-03-22 10:20:36.409445
360	+15038362010	2023-03-22 10:20:37.824456
361	+17722314712	2023-03-22 10:20:38.880038
362	+17725320010	2023-03-22 10:20:38.891168
363	+17572558739	2023-03-22 10:20:39.902515
364	+15198512844	2023-03-22 10:20:41.110937
365	+15194385478	2023-03-22 10:20:41.116446
366	+18433508333	2023-03-22 10:20:42.440293
367	+14072680046	2023-03-22 10:20:43.478574
368	+19192952127	2023-03-22 10:20:44.908294
369	+19193781112	2023-03-22 10:20:44.919265
370	+13174269911	2023-03-22 10:20:45.834262
371	+13174417887	2023-03-22 10:20:45.846637
372	+14704424885	2023-03-22 10:20:47.043203
373	+18327973092	2023-03-22 10:20:48.147939
374	+17604839242	2023-03-22 10:20:49.291497
375	+18043351414	2023-03-22 10:20:50.493531
376	+18043878734	2023-03-22 10:20:50.506347
377	+17034899999	2023-03-22 10:20:50.519478
378	+18322280265	2023-03-22 10:20:51.644159
379	+12819035882	2023-03-22 10:20:51.655222
380	+12815650575	2023-03-22 10:20:51.66655
381	+17047376976	2023-03-22 10:20:52.807285
382	+19802916779	2023-03-22 10:20:52.817531
383	+19802212900	2023-03-22 10:20:52.825352
384	+15097142162	2023-03-22 10:20:53.834445
385	+19514004561	2023-03-22 10:20:53.843999
386	+13057056757	2023-03-22 10:20:54.911937
387	+18508148588	2023-03-22 10:20:56.035449
388	+18505177029	2023-03-22 10:20:56.043482
389	+18507888300	2023-03-22 10:20:56.053057
390	(206) 349-8477	2023-03-22 13:01:16.985217
391	+14062509368	2023-03-22 13:01:18.062867
392	+14065600121	2023-03-22 13:01:18.078603
393	+14068718647	2023-03-22 13:01:18.094154
394	+14062704556	2023-03-22 13:01:18.106474
395	+14064716496	2023-03-22 13:01:18.118427
396	+14065592037	2023-03-22 13:01:18.129869
397	+14062606871	2023-03-22 13:01:18.138092
398	+14064992704	2023-03-22 13:01:18.146394
399	+14062175705	2023-03-22 13:01:18.15501
400	+14068903930	2023-03-22 13:01:18.174294
401	+14062050533	2023-03-22 13:01:18.183175
402	+14065592040	2023-03-22 13:01:18.190547
403	+14067506172	2023-03-22 13:01:18.196548
404	+14068851662	2023-03-22 13:01:18.202113
405	+19159965306	2023-03-22 13:01:19.212708
406	+19154431489	2023-03-22 13:01:19.220274
407	+19153281959	2023-03-22 13:01:19.227727
408	+19152744374	2023-03-22 13:01:19.237599
409	+12403829799	2023-03-22 13:01:20.361882
410	+13042798142	2023-03-22 13:01:20.373124
411	+17032978085	2023-03-22 13:01:20.383717
412	+12403823022	2023-03-22 13:01:20.394334
413	+17789091300	2023-03-22 13:01:21.576091
414	+14237907979	2023-03-22 13:01:22.583573
415	+15023697899	2023-03-22 13:01:23.498019
416	+17143190860	2023-03-22 13:01:24.726292
417	+17146588679	2023-03-22 13:01:24.736966
418	+17145157052	2023-03-22 13:01:24.74722
419	+14356320250	2023-03-22 13:01:25.791292
420	+19208192572	2023-03-22 13:01:26.783345
421	+14023057570	2023-03-22 13:01:27.704176
422	+14025781910	2023-03-22 13:01:27.714373
423	+14028714738	2023-03-22 13:01:27.732491
424	+16613735111	2023-03-22 13:01:29.182481
425	+16614029268	2023-03-22 13:01:29.192235
426	+17146333600	2023-03-22 13:01:30.275181
427	+15863067743	2023-03-22 13:01:31.328246
428	+13133788070	2023-03-22 13:01:31.335086
429	+12486557955	2023-03-22 13:01:31.341135
430	+18779452356	2023-03-22 13:01:32.336075
431	+17348920740	2023-03-22 13:01:33.222801
432	+12482294101	2023-03-22 13:01:33.232373
433	+18443935564	2023-03-22 13:01:33.239768
434	+19203108068	2023-03-22 13:01:34.400213
435	+19205690827	2023-03-22 13:01:34.416462
436	+14016412069	2023-03-22 13:01:35.378208
437	+14019658382	2023-03-22 13:01:35.393363
438	+14016427591	2023-03-22 13:01:35.400364
439	+12052020413	2023-03-22 13:01:36.37794
440	+17203879736	2023-03-22 13:01:37.512378
441	+17206504959	2023-03-22 13:01:37.527532
442	+13173645858	2023-03-22 13:01:38.43911
443	+15413471800	2023-03-22 13:01:39.344909
444	+12817043749	2023-03-22 13:01:40.282186
445	+12812255115	2023-03-22 13:01:40.300369
446	+12814625405	2023-03-22 13:01:40.309187
447	+18432252002	2023-03-22 13:01:41.331028
448	+14806955974	2023-03-22 13:01:42.313273
449	+14033433344	2023-03-22 13:01:43.267758
\.


--
-- Data for Name: sites; Type: TABLE DATA; Schema: public; Owner: postgres
--

COPY public.sites (id, url, state, created_at, parsed_at) FROM stdin;
1	https://www.riserealtyca.com/	NEW	2023-03-21 16:45:13.326281	9999-12-31 23:59:59.999999
2	https://www.luxurysocalrealty.com/	NEW	2023-03-21 16:45:14.715391	9999-12-31 23:59:59.999999
3	https://www.rubyhome.com/	NEW	2023-03-21 16:45:18.518827	9999-12-31 23:59:59.999999
4	https://www.yourathometeam.com/	NEW	2023-03-21 16:45:19.548571	9999-12-31 23:59:59.999999
5	https://www.trecmoves.com/	NEW	2023-03-21 16:45:21.880714	9999-12-31 23:59:59.999999
6	https://www.kittlerealestate.com/	NEW	2023-03-21 16:45:24.676763	9999-12-31 23:59:59.999999
7	https://www.villarealestate.com/	NEW	2023-03-21 16:45:25.997399	9999-12-31 23:59:59.999999
8	https://www.sarasotafloridarealestate.com/	NEW	2023-03-21 16:45:27.344443	9999-12-31 23:59:59.999999
9	https://www.palmshome.com/	NEW	2023-03-21 16:45:29.026198	9999-12-31 23:59:59.999999
10	https://www.lipplyrealestate.com/	NEW	2023-03-21 16:45:30.360676	9999-12-31 23:59:59.999999
11	https://www.thecaliforniahomefinder.com/	NEW	2023-03-21 16:45:31.546349	9999-12-31 23:59:59.999999
12	https://www.shepherdhomesgroup.com/	NEW	2023-03-21 16:45:34.750502	9999-12-31 23:59:59.999999
13	https://www.totalvegasrealestate.com/	NEW	2023-03-21 16:45:35.765974	9999-12-31 23:59:59.999999
14	https://www.oceancitycondosandhomes.com/	NEW	2023-03-21 16:45:39.034002	9999-12-31 23:59:59.999999
15	https://www.1kbb.com/	NEW	2023-03-21 16:45:40.157866	9999-12-31 23:59:59.999999
16	https://www.bighelpergroup.com/	NEW	2023-03-21 16:45:41.239105	9999-12-31 23:59:59.999999
17	https://www.livingingreatercharlotte.com/	NEW	2023-03-21 16:45:42.594833	9999-12-31 23:59:59.999999
18	https://www.wexlerrealestate.com/	NEW	2023-03-21 16:45:43.542011	9999-12-31 23:59:59.999999
19	https://www.mnpropertygroup.com/	NEW	2023-03-21 16:45:44.684461	9999-12-31 23:59:59.999999
20	https://www.kennarealestate.com/	NEW	2023-03-21 16:45:45.947317	9999-12-31 23:59:59.999999
21	https://www.dayhometeam.com/	NEW	2023-03-21 16:45:49.708794	9999-12-31 23:59:59.999999
22	https://www.thegrishamgroup.com/	NEW	2023-03-21 16:45:50.988074	9999-12-31 23:59:59.999999
23	https://www.supremerealestatekc.com/	NEW	2023-03-21 16:45:53.173206	9999-12-31 23:59:59.999999
24	https://www.matinrealestate.com/	NEW	2023-03-21 16:45:54.260024	9999-12-31 23:59:59.999999
25	https://www.chartaylorrealestate.com/	NEW	2023-03-21 16:45:55.351603	9999-12-31 23:59:59.999999
26	https://www.greentreerealestate.com/	NEW	2023-03-21 16:45:56.350847	9999-12-31 23:59:59.999999
27	https://www.shilostorey.com/	NEW	2023-03-21 16:45:57.498814	9999-12-31 23:59:59.999999
28	https://www.trgmove.com/	NEW	2023-03-21 16:45:58.738196	9999-12-31 23:59:59.999999
29	https://www.texasrealestatesource.com/	NEW	2023-03-22 08:25:52.582076	9999-12-31 23:59:59.999999
30	https://www.thinkalabamahomes.com/	NEW	2023-03-22 08:26:27.823935	9999-12-31 23:59:59.999999
31	https://www.homepagerealty.com/	NEW	2023-03-22 08:26:30.547567	9999-12-31 23:59:59.999999
32	https://www.thelestergroup.com/	NEW	2023-03-22 08:26:31.72718	9999-12-31 23:59:59.999999
33	https://www.pepinerealty.com/	NEW	2023-03-22 08:26:35.381097	9999-12-31 23:59:59.999999
34	https://www.nowrealestategroup.ca/	NEW	2023-03-22 08:26:36.435223	9999-12-31 23:59:59.999999
35	https://www.tiffanyholtz.com/	NEW	2023-03-22 08:26:37.389425	9999-12-31 23:59:59.999999
36	https://www.portlandrealestate.com/	NEW	2023-03-22 08:26:38.358905	9999-12-31 23:59:59.999999
37	https://www.mattoneillrealestate.com/	NEW	2023-03-22 08:26:39.308123	9999-12-31 23:59:59.999999
38	https://www.affinityrealestate.ca/	NEW	2023-03-22 08:26:40.483085	9999-12-31 23:59:59.999999
39	https://www.anvilreinc.com/	NEW	2023-03-22 08:26:41.937135	9999-12-31 23:59:59.999999
40	https://www.edmontonrealtyexperts.com/	NEW	2023-03-22 08:26:44.942479	9999-12-31 23:59:59.999999
41	https://www.thestillergroup.com/	NEW	2023-03-22 08:26:45.948508	9999-12-31 23:59:59.999999
42	https://www.longitudebcs.com/	NEW	2023-03-22 08:26:47.054459	9999-12-31 23:59:59.999999
43	https://www.greatertorontohomepros.com/	NEW	2023-03-22 08:26:48.032901	9999-12-31 23:59:59.999999
44	https://www.ixlrealestate.com/	NEW	2023-03-22 08:26:49.045094	9999-12-31 23:59:59.999999
45	https://www.teamgoran.com/	NEW	2023-03-22 08:26:51.148392	9999-12-31 23:59:59.999999
46	https://www.effective.realestate/	NEW	2023-03-22 08:26:52.262036	9999-12-31 23:59:59.999999
47	https://www.lonniebush.com/	NEW	2023-03-22 08:26:53.285526	9999-12-31 23:59:59.999999
48	https://www.liveutah.com/	NEW	2023-03-22 08:26:54.199986	9999-12-31 23:59:59.999999
49	https://www.virga-realty.com/	NEW	2023-03-22 09:37:04.679338	9999-12-31 23:59:59.999999
50	https://www.dawkinsresidential.com/	NEW	2023-03-22 09:37:13.099362	9999-12-31 23:59:59.999999
51	https://www.fivemarkrealtygroupllc.com/	NEW	2023-03-22 09:37:13.986697	9999-12-31 23:59:59.999999
52	https://www.welcomehomepa.com/	NEW	2023-03-22 09:37:15.167286	9999-12-31 23:59:59.999999
53	https://www.nickshivers.net/	NEW	2023-03-22 09:37:16.442301	9999-12-31 23:59:59.999999
54	https://www.daubyrealestate.com/	NEW	2023-03-22 09:37:17.44438	9999-12-31 23:59:59.999999
55	https://www.thechadwilsongroup.com/	NEW	2023-03-22 09:37:18.475565	9999-12-31 23:59:59.999999
56	https://www.truerealestateminnesota.com/	NEW	2023-03-22 09:37:19.480802	9999-12-31 23:59:59.999999
57	https://www.reallivinghomes.ca/	NEW	2023-03-22 09:37:20.585088	9999-12-31 23:59:59.999999
58	https://www.omegahome.com/	NEW	2023-03-22 09:37:23.187141	9999-12-31 23:59:59.999999
59	https://www.jimblacksellshomes.com/	NEW	2023-03-22 09:37:24.226975	9999-12-31 23:59:59.999999
60	https://www.zokoeteam.com/	NEW	2023-03-22 09:37:25.61915	9999-12-31 23:59:59.999999
61	https://www.weknowottawa.com/	NEW	2023-03-22 09:37:26.583389	9999-12-31 23:59:59.999999
62	https://www.nassargrouprealty.com/	NEW	2023-03-22 09:37:28.485543	9999-12-31 23:59:59.999999
63	https://www.carbuttirealestate.com/	NEW	2023-03-22 09:37:29.354881	9999-12-31 23:59:59.999999
64	https://www.elliottreteam.com/	NEW	2023-03-22 09:37:30.490945	9999-12-31 23:59:59.999999
65	https://www.katrinaandtheteam.com/	NEW	2023-03-22 09:37:31.426801	9999-12-31 23:59:59.999999
66	https://www.tidalrealtypartners.com/	NEW	2023-03-22 09:37:32.621436	9999-12-31 23:59:59.999999
67	https://manausa.com/	NEW	2023-03-22 09:37:35.671385	9999-12-31 23:59:59.999999
68	https://www.acolerealty.com/	NEW	2023-03-22 09:37:36.833268	9999-12-31 23:59:59.999999
69	https://www.sierracrestrealestate.com/	NEW	2023-03-22 09:37:37.814738	9999-12-31 23:59:59.999999
70	https://www.johnhillhomesearch.com/	NEW	2023-03-22 09:37:38.839915	9999-12-31 23:59:59.999999
71	https://www.lyvrealty.com/	NEW	2023-03-22 09:37:39.907682	9999-12-31 23:59:59.999999
72	https://www.remax-mammoth.com/	NEW	2023-03-22 09:37:41.393032	9999-12-31 23:59:59.999999
73	https://www.abwrealty.com/	NEW	2023-03-22 09:37:42.454719	9999-12-31 23:59:59.999999
74	https://www.graywaltrealty.com/	NEW	2023-03-22 09:37:46.165263	9999-12-31 23:59:59.999999
75	https://www.thehollyritchieteam.com/	NEW	2023-03-22 09:37:49.030051	9999-12-31 23:59:59.999999
76	https://www.dolanre.com/	NEW	2023-03-22 09:37:50.110486	9999-12-31 23:59:59.999999
77	https://www.palmparadiserealestate.com/	NEW	2023-03-22 09:37:51.077523	9999-12-31 23:59:59.999999
78	https://www.yegpropertypros.com/	NEW	2023-03-22 09:37:52.143477	9999-12-31 23:59:59.999999
79	https://www.elainekochgroup.com/	NEW	2023-03-22 09:37:53.287198	9999-12-31 23:59:59.999999
80	https://www.cityandfieldhomes.com/	NEW	2023-03-22 09:37:54.329334	9999-12-31 23:59:59.999999
81	https://www.callrayo.com/	NEW	2023-03-22 09:37:55.303264	9999-12-31 23:59:59.999999
82	https://www.edmonton-real-estate.com/	NEW	2023-03-22 09:37:56.403375	9999-12-31 23:59:59.999999
83	https://www.realtyohio.com/	NEW	2023-03-22 09:37:57.565089	9999-12-31 23:59:59.999999
84	https://www.walidmrealtor.com/	NEW	2023-03-22 09:37:58.6831	9999-12-31 23:59:59.999999
85	https://www.lauriereader.com/	NEW	2023-03-22 09:38:01.301601	9999-12-31 23:59:59.999999
86	https://www.gustygulasgroup.com/	NEW	2023-03-22 09:38:02.180621	9999-12-31 23:59:59.999999
87	https://www.brealthomasville.com/	NEW	2023-03-22 09:38:03.344922	9999-12-31 23:59:59.999999
88	https://www.oakandstonerealestate.com/	NEW	2023-03-22 09:38:04.55942	9999-12-31 23:59:59.999999
89	https://www.leetessier.com/	NEW	2023-03-22 09:38:05.487332	9999-12-31 23:59:59.999999
90	https://www.tylerhousehunters.com/	NEW	2023-03-22 09:38:06.63802	9999-12-31 23:59:59.999999
91	https://www.atkinsonteam.ca/	NEW	2023-03-22 09:38:07.694721	9999-12-31 23:59:59.999999
92	https://www.keetonandcompany.com/	NEW	2023-03-22 09:38:08.864424	9999-12-31 23:59:59.999999
93	https://www.clearviewep.com/	NEW	2023-03-22 09:38:09.924137	9999-12-31 23:59:59.999999
94	https://www.richbassford.com/	NEW	2023-03-22 09:38:10.932141	9999-12-31 23:59:59.999999
95	https://www.kessingerrealestate.com/	NEW	2023-03-22 09:45:41.176703	9999-12-31 23:59:59.999999
96	https://www.woodrealestategroup.com/	NEW	2023-03-22 09:45:42.345585	9999-12-31 23:59:59.999999
97	https://www.performance-realestate.com/sellers/marketing-your-home/	NEW	2023-03-22 09:45:43.327352	9999-12-31 23:59:59.999999
98	https://www.gristrealestate.com/	NEW	2023-03-22 09:45:44.431246	9999-12-31 23:59:59.999999
99	https://www.lincolnselectrealestategroup.com/	NEW	2023-03-22 09:45:45.734523	9999-12-31 23:59:59.999999
100	https://www.brgut.com/	NEW	2023-03-22 09:45:46.671885	9999-12-31 23:59:59.999999
101	https://www.cantrellre.com/	NEW	2023-03-22 09:45:54.885116	9999-12-31 23:59:59.999999
102	https://www.ronsellsthebeach.com/	NEW	2023-03-22 09:46:16.811585	9999-12-31 23:59:59.999999
103	https://www.olaniproperties.com/	NEW	2023-03-22 09:46:19.75744	9999-12-31 23:59:59.999999
104	https://www.liveankeny.com/	NEW	2023-03-22 09:46:20.664685	9999-12-31 23:59:59.999999
105	https://www.dustonleddy.com/	NEW	2023-03-22 09:46:21.497741	9999-12-31 23:59:59.999999
106	https://www.realestatesolutionsdelrio.com/	NEW	2023-03-22 09:46:22.546451	9999-12-31 23:59:59.999999
107	https://www.avenueret.com/	NEW	2023-03-22 09:46:23.723063	9999-12-31 23:59:59.999999
108	https://www.ryandobbsteam.com/	NEW	2023-03-22 09:46:24.848702	9999-12-31 23:59:59.999999
109	https://www.mkrealestatesales.com/	NEW	2023-03-22 09:46:26.107027	9999-12-31 23:59:59.999999
110	https://www.goodmorningrealty.com/	NEW	2023-03-22 09:46:27.216366	9999-12-31 23:59:59.999999
111	https://www.symbiodenver.com/	NEW	2023-03-22 09:46:28.365756	9999-12-31 23:59:59.999999
112	https://www.bradfordudouj.com/	NEW	2023-03-22 09:46:31.695986	9999-12-31 23:59:59.999999
113	https://www.costellorei.com/	NEW	2023-03-22 09:46:34.691851	9999-12-31 23:59:59.999999
114	https://www.everydoorrealestate.com/	NEW	2023-03-22 09:46:35.537984	9999-12-31 23:59:59.999999
115	https://www.thebrileyteam.com/	NEW	2023-03-22 09:46:36.42667	9999-12-31 23:59:59.999999
116	https://www.abanksrealestate.com/	NEW	2023-03-22 09:46:37.689615	9999-12-31 23:59:59.999999
117	https://www.goldcountrymodern.com/	NEW	2023-03-22 09:46:38.704716	9999-12-31 23:59:59.999999
118	https://www.pinnaclegrs.com/	NEW	2023-03-22 09:46:40.022056	9999-12-31 23:59:59.999999
119	https://www.tailoredreg.com/	NEW	2023-03-22 09:46:41.299642	9999-12-31 23:59:59.999999
120	https://www.atlaspremierrealty.com/	NEW	2023-03-22 09:46:42.512063	9999-12-31 23:59:59.999999
121	https://www.cincinkyrealestate.com/	NEW	2023-03-22 09:46:45.236958	9999-12-31 23:59:59.999999
122	https://www.residedfw.com/	NEW	2023-03-22 09:46:46.380727	9999-12-31 23:59:59.999999
123	https://www.jacobsandco.com/	NEW	2023-03-22 09:46:47.583062	9999-12-31 23:59:59.999999
124	https://www.turnerren.com/	NEW	2023-03-22 09:47:03.643221	9999-12-31 23:59:59.999999
125	https://www.thinkrealestategroup.com/	NEW	2023-03-22 09:47:04.651569	9999-12-31 23:59:59.999999
126	https://www.realbremerton.com/	NEW	2023-03-22 09:47:05.712419	9999-12-31 23:59:59.999999
127	https://www.erringtonrealty.net/	NEW	2023-03-22 09:47:06.687653	9999-12-31 23:59:59.999999
128	https://www.trilliantrealty.ca/	NEW	2023-03-22 09:47:07.709598	9999-12-31 23:59:59.999999
129	https://www.realestate-denver.com/	NEW	2023-03-22 09:47:08.670891	9999-12-31 23:59:59.999999
130	https://www.parkcityluxuryrealestate.com/	NEW	2023-03-22 09:47:41.978935	9999-12-31 23:59:59.999999
131	https://signaturehomesmaine.com/	NEW	2023-03-22 09:47:43.382927	9999-12-31 23:59:59.999999
132	https://www.houseswa.com/	NEW	2023-03-22 09:47:45.219587	9999-12-31 23:59:59.999999
133	https://www.njrealtypros.com/	NEW	2023-03-22 09:47:46.431314	9999-12-31 23:59:59.999999
134	https://www.oneteamct.com/	NEW	2023-03-22 09:47:47.766079	9999-12-31 23:59:59.999999
135	https://www.maddenrealestate.com/	NEW	2023-03-22 09:47:48.829648	9999-12-31 23:59:59.999999
136	https://www.jeffreyfowler.com/	NEW	2023-03-22 09:47:50.048462	9999-12-31 23:59:59.999999
137	https://www.mclaurinrealtygrp.com/	NEW	2023-03-22 09:47:51.101152	9999-12-31 23:59:59.999999
138	https://www.resourcecolumbia.com/	NEW	2023-03-22 09:47:51.778138	9999-12-31 23:59:59.999999
139	https://www.homesregina.ca/	NEW	2023-03-22 09:47:54.597064	9999-12-31 23:59:59.999999
140	https://www.carsonlowryrealestate.com/	NEW	2023-03-22 09:47:55.679047	9999-12-31 23:59:59.999999
141	https://www.buddyblake.com/	NEW	2023-03-22 09:47:56.618792	9999-12-31 23:59:59.999999
142	https://www.theoldfathergroup.com/	NEW	2023-03-22 09:47:57.645068	9999-12-31 23:59:59.999999
143	https://www.mattsmithrealestategroup.com/	NEW	2023-03-22 09:47:58.607101	9999-12-31 23:59:59.999999
144	https://www.markhillersells.com/	NEW	2023-03-22 09:48:12.303727	9999-12-31 23:59:59.999999
145	https://www.vahome.com/	NEW	2023-03-22 09:48:13.803284	9999-12-31 23:59:59.999999
146	https://www.urbancoolhomes.com/	NEW	2023-03-22 09:48:14.745806	9999-12-31 23:59:59.999999
147	https://www.wardsworthgroup.com/	NEW	2023-03-22 09:48:16.254739	9999-12-31 23:59:59.999999
148	https://www.amwre.com/	NEW	2023-03-22 09:48:17.357429	9999-12-31 23:59:59.999999
149	https://www.dwell.realestate/	NEW	2023-03-22 09:48:20.31129	9999-12-31 23:59:59.999999
150	https://www.haltomhometeam.com/	NEW	2023-03-22 09:48:21.238242	9999-12-31 23:59:59.999999
151	https://www.caliberre.net/	NEW	2023-03-22 09:48:22.240144	9999-12-31 23:59:59.999999
152	https://www.currangrp.com/	NEW	2023-03-22 09:48:23.25095	9999-12-31 23:59:59.999999
153	https://www.johnquinnrealestate.com/	NEW	2023-03-22 09:52:46.518687	9999-12-31 23:59:59.999999
154	https://www.southernbellliving.com/	NEW	2023-03-22 09:52:47.652927	9999-12-31 23:59:59.999999
155	https://www.kennethjamesrealty.com/	NEW	2023-03-22 09:52:50.06911	9999-12-31 23:59:59.999999
156	https://www.burrgroup.com/	NEW	2023-03-22 09:52:53.853587	9999-12-31 23:59:59.999999
157	https://www.krisweaver.com/	NEW	2023-03-22 09:52:55.055464	9999-12-31 23:59:59.999999
158	https://www.mcphersonsistershomes.com/	NEW	2023-03-22 09:52:56.156967	9999-12-31 23:59:59.999999
159	https://www.crescasrealestate.com/	NEW	2023-03-22 09:52:57.458934	9999-12-31 23:59:59.999999
160	https://www.tonyaharbinteam.com/	NEW	2023-03-22 09:52:58.740781	9999-12-31 23:59:59.999999
161	https://www.txluxere.com/	NEW	2023-03-22 09:52:59.676002	9999-12-31 23:59:59.999999
162	https://www.indianahomesfirst.com/	NEW	2023-03-22 09:53:00.722159	9999-12-31 23:59:59.999999
163	https://www.resolutions.realtor/	NEW	2023-03-22 09:53:01.723931	9999-12-31 23:59:59.999999
164	https://www.citrusrealtyteam.com/	NEW	2023-03-22 09:53:36.602749	9999-12-31 23:59:59.999999
165	https://www.signalrealestate.com/	NEW	2023-03-22 09:53:37.576842	9999-12-31 23:59:59.999999
166	https://www.momentummovesyou.com/	NEW	2023-03-22 09:53:38.642754	9999-12-31 23:59:59.999999
167	https://www.lakeoconee.realty/	NEW	2023-03-22 09:53:40.106259	9999-12-31 23:59:59.999999
168	https://www.casalsrealtors.com/	NEW	2023-03-22 09:53:41.366944	9999-12-31 23:59:59.999999
169	https://www.pghlist.com/	NEW	2023-03-22 09:53:43.009481	9999-12-31 23:59:59.999999
170	https://www.jeffreal.com/	NEW	2023-03-22 09:53:43.982694	9999-12-31 23:59:59.999999
171	https://www.334homesearch.com/	NEW	2023-03-22 09:53:44.959915	9999-12-31 23:59:59.999999
172	https://www.cyfairrealestate.com/	NEW	2023-03-22 09:53:48.27139	9999-12-31 23:59:59.999999
173	https://www.southbayresidential.com/	NEW	2023-03-22 09:53:49.210438	9999-12-31 23:59:59.999999
174	https://www.therivlingroup.com/	NEW	2023-03-22 09:53:50.243177	9999-12-31 23:59:59.999999
175	https://findhousesinoregon.com/	NEW	2023-03-22 09:53:51.829261	9999-12-31 23:59:59.999999
176	https://www.matildesorensen.com/	NEW	2023-03-22 09:53:52.809358	9999-12-31 23:59:59.999999
177	https://www.trexlerrealestate.com/	NEW	2023-03-22 09:53:54.143682	9999-12-31 23:59:59.999999
178	https://www.viewhomes.ca/	NEW	2023-03-22 09:53:56.640899	9999-12-31 23:59:59.999999
179	https://www.ezhomesearch.com/	NEW	2023-03-22 09:53:59.781953	9999-12-31 23:59:59.999999
180	https://www.mhodgerealty.com/	NEW	2023-03-22 09:54:00.906875	9999-12-31 23:59:59.999999
181	https://www.allgoodsoldit.com/	NEW	2023-03-22 10:03:50.682487	9999-12-31 23:59:59.999999
182	https://www.markdietel.com/	NEW	2023-03-22 10:03:51.664974	9999-12-31 23:59:59.999999
183	https://www.realtallrealestate.com/	NEW	2023-03-22 10:03:52.888893	9999-12-31 23:59:59.999999
184	https://www.homesweethomegroup.com/	NEW	2023-03-22 10:03:54.284964	9999-12-31 23:59:59.999999
185	https://www.robenrealestate.com/	NEW	2023-03-22 10:03:55.389347	9999-12-31 23:59:59.999999
186	https://www.simpsonrealtygrouprva.com/	NEW	2023-03-22 10:03:56.60711	9999-12-31 23:59:59.999999
187	https://www.hampsonproperties.com/	NEW	2023-03-22 10:03:57.821328	9999-12-31 23:59:59.999999
188	https://www.searchallcharlottenchomes.com/	NEW	2023-03-22 10:03:59.058599	9999-12-31 23:59:59.999999
189	https://www.mogul-realestate.com/	NEW	2023-03-22 10:04:00.126332	9999-12-31 23:59:59.999999
190	https://www.hauteteam.com/	NEW	2023-03-22 10:04:05.269848	9999-12-31 23:59:59.999999
191	https://www.viewemeraldcoastproperty.com/	NEW	2023-03-22 10:08:39.19775	9999-12-31 23:59:59.999999
192	https://www.myseattlehomesearch.com/	NEW	2023-03-22 11:29:46.052695	9999-12-31 23:59:59.999999
193	https://www.performance-realestate.com/about/	NEW	2023-03-22 12:48:20.47811	9999-12-31 23:59:59.999999
194	https://www.montoyarealestategroup.com/	NEW	2023-03-22 12:48:27.825193	9999-12-31 23:59:59.999999
195	https://www.carolynyoungteam.com/	NEW	2023-03-22 12:48:31.025926	9999-12-31 23:59:59.999999
196	https://www.loyalhomes.ca/	NEW	2023-03-22 12:48:34.964794	9999-12-31 23:59:59.999999
197	https://www.rg423.com/	NEW	2023-03-22 12:48:36.056631	9999-12-31 23:59:59.999999
198	https://www.exploringlouisville.com/	NEW	2023-03-22 12:48:37.272026	9999-12-31 23:59:59.999999
199	https://www.jodycleggteam.com/	NEW	2023-03-22 12:49:29.902346	9999-12-31 23:59:59.999999
200	https://www.st-george-realestate.com/	NEW	2023-03-22 12:49:30.855277	9999-12-31 23:59:59.999999
201	https://www.kosrealtygroup.com/	NEW	2023-03-22 12:49:32.068808	9999-12-31 23:59:59.999999
202	https://www.housesinomaha.com/	NEW	2023-03-22 12:49:35.02261	9999-12-31 23:59:59.999999
203	https://www.alwaysyourrealtor.com/	NEW	2023-03-22 12:49:37.430161	9999-12-31 23:59:59.999999
204	https://www.riccirealty.com/	NEW	2023-03-22 12:49:40.929421	9999-12-31 23:59:59.999999
205	https://www.innetworkrealestate.com/	NEW	2023-03-22 12:49:43.564019	9999-12-31 23:59:59.999999
206	https://www.schulerbauer.com/	NEW	2023-03-22 12:49:44.528435	9999-12-31 23:59:59.999999
207	https://www.dwellingsmi.com/	NEW	2023-03-22 12:49:45.438836	9999-12-31 23:59:59.999999
208	https://www.dallairerealty.com/	NEW	2023-03-22 12:49:48.863185	9999-12-31 23:59:59.999999
209	https://www.junerealtyri.com/	NEW	2023-03-22 12:49:49.9219	9999-12-31 23:59:59.999999
210	https://www.megaagents.com/	NEW	2023-03-22 12:49:50.908774	9999-12-31 23:59:59.999999
211	https://www.denverhousehunters.com/	NEW	2023-03-22 12:49:51.795599	9999-12-31 23:59:59.999999
212	https://www.indyhomeexperts.com/	NEW	2023-03-22 12:49:52.859396	9999-12-31 23:59:59.999999
213	https://www.beachlooprealty.com/	NEW	2023-03-22 12:49:53.838997	9999-12-31 23:59:59.999999
214	https://www.jillsmithteam.com/	NEW	2023-03-22 12:49:54.720237	9999-12-31 23:59:59.999999
215	https://www.jeffcookrealestate.com/	NEW	2023-03-22 12:49:55.740632	9999-12-31 23:59:59.999999
216	https://www.arizonarealestate.com/	NEW	2023-03-22 12:49:56.869256	9999-12-31 23:59:59.999999
217	https://www.coldwellbankerontrack.com/	NEW	2023-03-22 12:55:08.258897	9999-12-31 23:59:59.999999
218	https://www.realestate-palmharbor.com/property-search/detail/240/T3433555/2616-cove-cay-dr-clearwater-fl-33760/	NEW	2023-03-22 13:26:27.039235	9999-12-31 23:59:59.999999
219	https://www.exclistings.com/	NEW	2023-03-22 14:01:06.597227	9999-12-31 23:59:59.999999
220	https://www.thompsongroupsarasota.com/	NEW	2023-03-22 14:01:10.76419	9999-12-31 23:59:59.999999
221	https://www.teampannell.com/	NEW	2023-03-22 14:01:21.946372	9999-12-31 23:59:59.999999
222	https://www.rzteamkc.com/	NEW	2023-03-22 14:01:22.997605	9999-12-31 23:59:59.999999
223	https://www.allenrealproperties.com/	NEW	2023-03-22 14:01:30.059796	9999-12-31 23:59:59.999999
224	https://www.niceagents.ca/	NEW	2023-03-22 14:01:31.374628	9999-12-31 23:59:59.999999
225	https://www.realestategoto.com/	NEW	2023-03-22 14:01:36.126452	9999-12-31 23:59:59.999999
226	https://www.modarealty.com/	NEW	2023-03-22 14:01:39.432382	9999-12-31 23:59:59.999999
227	https://www.ottawarealestatecentral.com/	NEW	2023-03-22 14:01:41.639313	9999-12-31 23:59:59.999999
228	https://www.hansenteampensacola.com/	NEW	2023-03-22 14:01:44.950993	9999-12-31 23:59:59.999999
229	https://www.district3.com/	NEW	2023-03-22 14:01:47.00308	9999-12-31 23:59:59.999999
230	https://www.performance-realestate.com/hungry-horse/	NEW	2023-03-22 14:01:50.597943	9999-12-31 23:59:59.999999
231	https://www.elamre.com/	NEW	2023-03-22 14:01:51.638176	9999-12-31 23:59:59.999999
232	https://www.firstsaturdayre.com/	NEW	2023-03-22 14:01:53.094868	9999-12-31 23:59:59.999999
233	https://www.mattburnham.com/	NEW	2023-03-22 14:01:56.649097	9999-12-31 23:59:59.999999
234	https://www.southernkeyhomes.com/	NEW	2023-03-22 14:01:58.388819	9999-12-31 23:59:59.999999
235	https://www.lizcrews.com/	NEW	2023-03-22 14:02:02.271921	9999-12-31 23:59:59.999999
236	https://www.joelanderson.ca/	NEW	2023-03-22 14:02:09.60171	9999-12-31 23:59:59.999999
237	https://www.freshrealty.ca/	NEW	2023-03-22 14:02:11.360347	9999-12-31 23:59:59.999999
238	https://www.experiencenjteam.com/	NEW	2023-03-22 14:02:12.319982	9999-12-31 23:59:59.999999
239	https://www.performance-realestate.com/columbia-falls/	NEW	2023-03-22 14:02:13.677702	9999-12-31 23:59:59.999999
240	https://www.therussellteam.com/	NEW	2023-03-22 14:02:14.59406	9999-12-31 23:59:59.999999
241	https://www.performance-realestate.com/flathead-valley-real-estate/	NEW	2023-03-22 14:02:17.853525	9999-12-31 23:59:59.999999
242	https://www.sellwithmoore.com/	NEW	2023-03-22 14:02:19.100495	9999-12-31 23:59:59.999999
243	https://www.schmerrealestate.com/	NEW	2023-03-22 14:02:20.252704	9999-12-31 23:59:59.999999
244	https://www.thesb-group.com/	NEW	2023-03-22 14:02:23.785724	9999-12-31 23:59:59.999999
245	https://www.yourservicerealty.com/	NEW	2023-03-22 14:02:25.123082	9999-12-31 23:59:59.999999
246	https://www.performance-realestate.com/property-search/search-form/	NEW	2023-03-22 14:02:28.480255	9999-12-31 23:59:59.999999
247	https://www.pattersongrouprealestate.com/	NEW	2023-03-22 14:02:29.47488	9999-12-31 23:59:59.999999
248	https://www.hermesrealtygroup.com/	NEW	2023-03-22 14:02:30.414307	9999-12-31 23:59:59.999999
249	https://www.parkhillrealtors.com/	NEW	2023-03-22 14:02:33.903326	9999-12-31 23:59:59.999999
250	https://www.fortmcmurrayrealestate.com/	NEW	2023-03-22 14:02:35.282403	9999-12-31 23:59:59.999999
251	https://www.performance-realestate.com/	NEW	2023-03-22 14:02:36.226419	9999-12-31 23:59:59.999999
252	https://www.soldbygarrison.com/	NEW	2023-03-22 14:02:37.611322	9999-12-31 23:59:59.999999
253	https://www.resmarion.com/	NEW	2023-03-22 14:02:38.759101	9999-12-31 23:59:59.999999
254	https://www.misterhomes.com/	NEW	2023-03-22 14:02:44.393921	9999-12-31 23:59:59.999999
255	https://www.knerealty.com/	NEW	2023-03-22 14:02:45.362993	9999-12-31 23:59:59.999999
256	https://www.roysterhearthgroup.com/	NEW	2023-03-22 14:02:46.772976	9999-12-31 23:59:59.999999
257	https://www.yourrealtygroup.ca/	NEW	2023-03-22 14:02:48.453526	9999-12-31 23:59:59.999999
258	https://www.homeclickny.com/	NEW	2023-03-22 14:06:04.536095	9999-12-31 23:59:59.999999
259	https://www.mynyhomesales.com/	NEW	2023-03-22 14:06:05.450453	9999-12-31 23:59:59.999999
260	https://www.thepropertyshopny.com/	NEW	2023-03-22 14:06:06.942486	9999-12-31 23:59:59.999999
261	https://www.clancyrealestate.com/	NEW	2023-03-22 14:06:07.899685	9999-12-31 23:59:59.999999
262	https://www.bondnyc.com/	NEW	2023-03-22 14:06:10.715016	9999-12-31 23:59:59.999999
263	https://www.lmsyracuse.com/	NEW	2023-03-22 14:06:11.789657	9999-12-31 23:59:59.999999
264	https://www.fieldrealty.com/	NEW	2023-03-22 14:06:13.626418	9999-12-31 23:59:59.999999
265	https://www.bizzarroagency.com/	NEW	2023-03-22 14:06:14.673846	9999-12-31 23:59:59.999999
266	https://www.mynewgrouprealty.com/	NEW	2023-03-22 14:06:17.487358	9999-12-31 23:59:59.999999
267	https://www.barbieliteam.com/	NEW	2023-03-22 14:06:18.78374	9999-12-31 23:59:59.999999
268	https://www.lighthouseresidential.com/	NEW	2023-03-22 14:06:21.643221	9999-12-31 23:59:59.999999
269	https://www.robertehill.com/	NEW	2023-03-22 14:06:22.955897	9999-12-31 23:59:59.999999
270	https://www.jacquelinemoraleshomesteam.com/	NEW	2023-03-22 14:06:25.838661	9999-12-31 23:59:59.999999
271	https://www.propertypeoplegroup.com/	NEW	2023-03-22 14:06:28.739527	9999-12-31 23:59:59.999999
272	https://www.virginiacorbetthometeam.com/	NEW	2023-03-22 14:06:31.593139	9999-12-31 23:59:59.999999
273	https://www.c21ne.com/	NEW	2023-03-22 14:06:32.603478	9999-12-31 23:59:59.999999
274	https://www.thehirerealty.com/	NEW	2023-03-22 14:06:37.484199	9999-12-31 23:59:59.999999
275	https://www.junenyc.com/	NEW	2023-03-22 14:06:42.704107	9999-12-31 23:59:59.999999
276	https://www.hudsonvalleysold.com/	NEW	2023-03-22 14:06:44.265212	9999-12-31 23:59:59.999999
277	https://www.marcianoteam.com/	NEW	2023-03-22 14:06:50.524268	9999-12-31 23:59:59.999999
278	https://www.thetayebgroup.com/	NEW	2023-03-22 14:07:08.840518	9999-12-31 23:59:59.999999
279	https://www.rorysclark.com/	NEW	2023-03-22 14:07:17.042473	9999-12-31 23:59:59.999999
280	https://www.carolinarealtygroup.com/	NEW	2023-03-22 14:07:19.692285	9999-12-31 23:59:59.999999
\.


--
-- Name: clients_id_seq; Type: SEQUENCE SET; Schema: public; Owner: postgres
--

SELECT pg_catalog.setval('public.clients_id_seq', 1, true);


--
-- Name: emails_id_seq; Type: SEQUENCE SET; Schema: public; Owner: postgres
--

SELECT pg_catalog.setval('public.emails_id_seq', 219, true);


--
-- Name: phones_id_seq; Type: SEQUENCE SET; Schema: public; Owner: postgres
--

SELECT pg_catalog.setval('public.phones_id_seq', 449, true);


--
-- Name: sites_id_seq; Type: SEQUENCE SET; Schema: public; Owner: postgres
--

SELECT pg_catalog.setval('public.sites_id_seq', 280, true);


--
-- Name: alembic_version alembic_version_pkc; Type: CONSTRAINT; Schema: public; Owner: postgres
--

ALTER TABLE ONLY public.alembic_version
    ADD CONSTRAINT alembic_version_pkc PRIMARY KEY (version_num);


--
-- Name: clients clients_email_key; Type: CONSTRAINT; Schema: public; Owner: postgres
--

ALTER TABLE ONLY public.clients
    ADD CONSTRAINT clients_email_key UNIQUE (email);


--
-- Name: clients clients_pkey; Type: CONSTRAINT; Schema: public; Owner: postgres
--

ALTER TABLE ONLY public.clients
    ADD CONSTRAINT clients_pkey PRIMARY KEY (id);


--
-- Name: clients clients_username_key; Type: CONSTRAINT; Schema: public; Owner: postgres
--

ALTER TABLE ONLY public.clients
    ADD CONSTRAINT clients_username_key UNIQUE (username);


--
-- Name: emails emails_email_key; Type: CONSTRAINT; Schema: public; Owner: postgres
--

ALTER TABLE ONLY public.emails
    ADD CONSTRAINT emails_email_key UNIQUE (email);


--
-- Name: emails emails_pkey; Type: CONSTRAINT; Schema: public; Owner: postgres
--

ALTER TABLE ONLY public.emails
    ADD CONSTRAINT emails_pkey PRIMARY KEY (id);


--
-- Name: phones phones_number_key; Type: CONSTRAINT; Schema: public; Owner: postgres
--

ALTER TABLE ONLY public.phones
    ADD CONSTRAINT phones_number_key UNIQUE (number);


--
-- Name: phones phones_pkey; Type: CONSTRAINT; Schema: public; Owner: postgres
--

ALTER TABLE ONLY public.phones
    ADD CONSTRAINT phones_pkey PRIMARY KEY (id);


--
-- Name: sites sites_pkey; Type: CONSTRAINT; Schema: public; Owner: postgres
--

ALTER TABLE ONLY public.sites
    ADD CONSTRAINT sites_pkey PRIMARY KEY (id);


--
-- Name: sites sites_url_key; Type: CONSTRAINT; Schema: public; Owner: postgres
--

ALTER TABLE ONLY public.sites
    ADD CONSTRAINT sites_url_key UNIQUE (url);


--
-- Name: email_site email_site_email_id_fkey; Type: FK CONSTRAINT; Schema: public; Owner: postgres
--

ALTER TABLE ONLY public.email_site
    ADD CONSTRAINT email_site_email_id_fkey FOREIGN KEY (email_id) REFERENCES public.emails(id);


--
-- Name: email_site email_site_site_id_fkey; Type: FK CONSTRAINT; Schema: public; Owner: postgres
--

ALTER TABLE ONLY public.email_site
    ADD CONSTRAINT email_site_site_id_fkey FOREIGN KEY (site_id) REFERENCES public.sites(id);


--
-- Name: phone_site phone_site_phone_id_fkey; Type: FK CONSTRAINT; Schema: public; Owner: postgres
--

ALTER TABLE ONLY public.phone_site
    ADD CONSTRAINT phone_site_phone_id_fkey FOREIGN KEY (phone_id) REFERENCES public.phones(id);


--
-- Name: phone_site phone_site_site_id_fkey; Type: FK CONSTRAINT; Schema: public; Owner: postgres
--

ALTER TABLE ONLY public.phone_site
    ADD CONSTRAINT phone_site_site_id_fkey FOREIGN KEY (site_id) REFERENCES public.sites(id);


--
-- PostgreSQL database dump complete
--

